ID,Countries
2pct.lu,Luxembourg
Mold-Masters Luxembourg Holdings S.à.r.l.,Luxembourg
Mold Masters Luxembourg Acquisitions S.à.r.l.,Luxembourg
Mold-Masters Luxembourg Acquisitions S.à.r.l.,Luxembourg
Mold-Masters Luxembourg Holdings S.à.r.l.,Luxembourg
Mold-Masters Luxembourg Acquisitions S.à.r.l.,Luxembourg
Mold-Masters Luxembourg Holdings S.à.r.l.,Luxembourg
Abbott Investments Luxembourg S.à.r.l.,Luxembourg
Abbott Overseas Luxembourg S.à.r.l.,Luxembourg
Abbott International Luxembourg S.à.r.l.,Luxembourg
Abbott Holding Subsidiary (Gibraltar) Limited Luxembourg S.C.S.,Luxembourg
Abbott Investments Luxembourg S.à.r.l.,Luxembourg
Abbott International Luxembourg S.à.r.l.,Luxembourg
ABN Amro Bank (Luxembourg) S.A.,Luxembourg
RBS Global Banking (Luxembourg) S.A.,Luxembourg
Lux-Irl Investments No 1 S.A.,Luxembourg
Alu Holdings S.à.r.l.,Luxembourg
Q9 Luxembourg S.à.r.l.,Luxembourg
Q9 Networks S.à.r.l.,Luxembourg
ABS-CBN Global Hungary Kft - Luxembourg Branch,Luxembourg
Tamweelview European Holdings S.A.,Luxembourg
PHR Investments S.à.r.l.,Luxembourg
H.R.M. Software & IT S.à.r.l.,Luxembourg
Accent Jobs For People S.à.r.l.,Luxembourg
Accenture S.C.A.,Luxembourg
Accenture S.C.A.,Luxembourg
Accenture International S.à.r.l.,Luxembourg
Accenture International S.à.r.l.,Luxembourg
Accenture S.C.A.,Luxembourg
Samisa S.à.r.l. (Luxembourg),Luxembourg
Ace Investment Scandinavia BV (Netherlands),Luxembourg
Acergy S.A.,Luxembourg
Acergy S.A.,Luxembourg
Acergy S.A.,Luxembourg
Advent Libri (Luxembourg) Holding S.à.r.l.,Luxembourg
AI Global Investments S.à.r.l.,Luxembourg
Advent Libri (Luxembourg)S.à.r.l.,Luxembourg
LSP Holding S.à.r.l.,Luxembourg
Timberland Capital S.à.r.l.,Luxembourg
Timberland Capital Management S.C.S.,Luxembourg
AIG/Lincoln Western Europe (Luxembourg) S.à.r.l.,Luxembourg
Hamburg Residential Project Am Stadtpark Holdings S.à.r.l.,Luxembourg
Stadtpark 1.0 S.C.S.,Luxembourg
Stadtpark 1.2 S.C.S.,Luxembourg
Stadtpark 1.3 S.C.S.,Luxembourg
Stadtpark 1.4 S.C.S.,Luxembourg
Stadtpark 1.5 S.C.S.,Luxembourg
Stadtpark 1.6 S.C.S.,Luxembourg
Stadtpark 1.7 S.C.S.,Luxembourg
Stadtpark 2.3 S.C.S.,Luxembourg
Stadtpark 2.4 S.C.S.,Luxembourg
Stadtpark 2.5 S.C.S.,Luxembourg
Stadtpark 2.6 S.C.S.,Luxembourg
Stadtpark  2.7 S.C.S.,Luxembourg
Aire Investments S.à.r.l.,Luxembourg
Jondoe S.à.r.l.,Luxembourg
AIG Europe II Holdings S.à.r.l.,Luxembourg
AIGGRE Sporta S.à.r.l.,Luxembourg
AIGGRE Opus Holding S.à.r.l.,Luxembourg
AIGGRE Helsinki S.à.r.l.,Luxembourg
AIG Hospitality Holdings S.à.r.l.,Luxembourg
Kenavon Drive Holding II S.à.r.l.,Luxembourg
Kenavon Drive Holding S.à.r.l.,Luxembourg
NELFAIG S.à.r.l.,Luxembourg
Julienne S.à.r.l.,Luxembourg
AIG Europe II Holdings S.à.r.l.,Luxembourg
AIGGRE Sporta S.à.r.l.,Luxembourg
AIGGRE Opus Holding S.à.r.l.,Luxembourg
AIGGRE Helsinki S.à.r.l.,Luxembourg
Hospitality Holdings S.à.r.l.,Luxembourg
NELFAIG S.à.r.l.,Luxembourg
Mermaid Lagoon S.à.r.l.,Luxembourg
Ifocus S.à.r.l.,Luxembourg
ABH Holdings S.A.,Luxembourg
REU Lux 1 S.à.r.l.,Luxembourg
Rubicon Austria 1 Lux S.à.r.l.,Luxembourg
XilCo Holding S.à.r.l.,Luxembourg
Altor CAM Holding S.à.r.l.,Luxembourg
Altor CIB Holding S.à.r.l.,Luxembourg
Altor MM Holding S.à.r.l.,Luxembourg
Altor Valot Holding S.à.r.l.,Luxembourg
Amazon Eurasia Holdings S.à.r.l.,Luxembourg
Amazon Media EU S.à.r.l.,Luxembourg
Amazon Payments Europe S.C.A.,Luxembourg
Amazon Services Europe S.à.r.l.,Luxembourg
Amazon EU S.à.r.l.,Luxembourg
Amazon Services Europe S.à.r.l.,Luxembourg
Amazon Media EU S.à.r.l.,Luxembourg
Amazon Europe Holding Technologies S.C.S.,Luxembourg
Amazon Eurasia Holdings S.à.r.l.,Luxembourg
FinLux S.à.r.l.,Luxembourg
Amazon EU S.à.r.l.,Luxembourg
Amazon Services Europe S.à.r.l.,Luxembourg
Amazon Media EU S.à.r.l.,Luxembourg
Amazon Europe Holding Technologies S.C.S.,Luxembourg
Amazon Eurasia Holdings S.à.r.l.,Luxembourg
FinLux S.à.r.l.,Luxembourg
AMB-Allianz Europe Logistics Fund FCP-FIS,Luxembourg
AMB Allianz Fund Lux 1 S.à.r.l.,Luxembourg
AMB Allianz Fund Lux 2 S.à.r.l.,Luxembourg
AMB Allianz Fund Lux 3 S.à.r.l.,Luxembourg
AMB Fund Management S.à.r.l.,Luxembourg
Amcon International Corporation BV S.à.r.l.,Luxembourg
Allied Equity S.a r.I,Luxembourg
Amcon Finance S.à.r.l.,Luxembourg
Threadneedle Asset Management Holdings S.à.r.l.,Luxembourg
Standard Chartered Investments Luxembourg S.A.,Luxembourg
AMP Capital Investors (Luxembourg No. 1) S.à.r.l.,Luxembourg
AMP Capital Investors (European Infrastructure No. 1) S.à.r.l.,Luxembourg
AMP Capital Investors (European Infrastructure No. 2) S.à.r.l.,Luxembourg
AMP Capital Investors (European Infrastructure No. 3) S.à.r.l.,Luxembourg
AMP Capital Investors (European Infrastructure No. 4) S.à.r.l.,Luxembourg
Site (Euro) No. 1 S.à.r.l.,Luxembourg
Site (Euro) No. 2 S.à.r.l.,Luxembourg
AMP Capital Investors (European Infrastructure No. 4) S.à.r.l.,Luxembourg
AMP Capital Investors (REST European Infrastructure No. 3) S.à.r.l.,Luxembourg
AMP Capital Investors (CIF European Infrastructure No. 3) S.à.r.l.,Luxembourg
AMP Capital Investors (CLH No. 1) S.à.r.l.,Luxembourg
Angel Lux Parent S.à.r.l.,Luxembourg
Angel Lux Common S.à.r.l.,Luxembourg
Angel Lux Common S.A.,Luxembourg
Angel Lux Midco & Cie S.C.A.,Luxembourg
Angel Lux Midco S.à.r.l.,Luxembourg
Angel PEC A1 S.à.r.l.,Luxembourg
Angel PEC B1 S.à.r.l.,Luxembourg
Neptun Lux Holding One S.à.r.l.,Luxembourg
Neptun Lux Holding Two S.à.r.l.,Luxembourg
Neptun Lux Holding Three S.à.r.l.,Luxembourg
Reden S.à.r.l.,Luxembourg
Marco Polo Investment S.à.r.l.,Luxembourg
Elephant Capital S.à.r.l.,Luxembourg
CA Limited S.à.r.l.,Luxembourg
FE Capital S.à.r.l.,Luxembourg
MP Finance S.à.r.l.,Luxembourg
NCB Warrant Holdings S.à.r.l.,Luxembourg
Apax Look Group 1 S.à.r.l.,Luxembourg
Apax Look Group S.à.r.l.,Luxembourg
Apax Capricorn 1 S.à.r.l.,Luxembourg
Apax Capricorn 2 S.à.r.l.,Luxembourg
Eden DebtCo S.à.r.l.,Luxembourg
Eden DebtCo S.à.r.l. 2,Luxembourg
Apex Insurance Holdings LLC Luxembourg S.C.A.,Luxembourg
Alpha Re,Luxembourg
Beta Re,Luxembourg
Delta Re,Luxembourg
Gamma Re,Luxembourg
Apollo Asia (Lux) SPV S.à.r.l.,Luxembourg
Admiral Participations (Luxembourg) S.à.r.l.,Luxembourg
iTunes S.à.r.l.,Luxembourg
ArcIndustrial European Developments S.à.r.l.,Luxembourg
ArcIndustrial France Developments I S.à.r.l.,Luxembourg
AFD Le Pouzin A S.à.r.l.,Luxembourg
AFD Saint Martin C S.à.r.l.,Luxembourg
AFD Riversaltes A S.à.r.l.,Luxembourg
Name in progress,Luxembourg
Archangel Investments S.à.r.l.,Luxembourg
Air Syndication S.C.A.,Luxembourg
Miya S.à.r.l.,Luxembourg
Miya Luxembourg Holdings S.à.r.l.,Luxembourg
Artal International Management S.A.,Luxembourg
Artal International S.C.A.,Luxembourg
Artal Group S.A.,Luxembourg
Artal Holdings SP z.o.o Luxembourg branch,Luxembourg
Artal International S.C.A.,Luxembourg
Artal International Management S.A.,Luxembourg
Artal Luxembourg S.A.,Luxembourg
Artal Participations & Management S.A.,Luxembourg
Alizé S.A.,Luxembourg
Laguardia Capital S.A.,Luxembourg
Westend S.A.,Luxembourg
Artal International S.C.A.,Luxembourg
Artal Luxembourg S.A.,Luxembourg
Lobelia S.à.r.l.,Luxembourg
Artal International S.C.A.,Luxembourg
Artal Luxembourg S.A.,Luxembourg
Lobelia S.à.r.l.,Luxembourg
Artal International S.C.A.,Luxembourg
Finvus S.C.A.,Luxembourg
Finvus Management S.à.r.l.,Luxembourg
Filvest S.C.A.,Luxembourg
Filvest Management S.à.r.l.,Luxembourg
Westend S.A.,Luxembourg
Rouge Tomate Group S.A.,Luxembourg
"ÄVWL Real Asset Trust S.à.r.l.,Luxembourg
ÄVWL Real Asset Trust Holding S.à.r.l.,Luxembourg
ÄVWL Real Asset Trust S.à.r.l.,Luxembourg
Atomico OS Investment S.à.r.l.,Luxembourg
Rosso S.à.r.l.,Luxembourg
Verde S.à.r.l.,Luxembourg
Avenue Luxembourg S.à.r.l.,Luxembourg
MSM Asia S.à.r.l.,Luxembourg
IFS Luxembourg S.à.r.l.,Luxembourg
IH Services Luxembourg S.à.r.l.,Luxembourg
Avenue Asia S.à.r.l.,Luxembourg
International Infrastructures Luxembourg S.à.r.l.,Luxembourg
Avenue Luxembourg S.à.r.l.,Luxembourg
IFS Luxembourg S.à.r.l.,Luxembourg
Avenue Luxembourg S.à.r.l.,Luxembourg
Avenue Asia (Luxembourg) S.à.r.l.,Luxembourg
Avery Dennison Investements Luxembourg S.à.r.l.,Luxembourg
Victor Hugo 1 S.à.r.l.,Luxembourg
Victor Hugo 2 S.à.r.l.,Luxembourg
Alliance Berstein Luxembourg S.A.,Luxembourg
Wecan Investments S.à.r.l.,Luxembourg
New LuxCo S.à.r.l.,Luxembourg
Solidlink Finance S.à.r.l.,Luxembourg
Neko Finance S.à.r.l.,Luxembourg
JVCo 3 S.à.r.l.,Luxembourg
Balderton Capital Group,Luxembourg
Balderton Capital IV Lux 1 S.à.r.l.,Luxembourg
Balderton Capital IV Lux 2 S.à.r.l.,Luxembourg
Ball European Holdings S.à.r.l.,Luxembourg
Ball Holdings S.C.S.,Luxembourg
Ball European Holdings S.à.r.l.,Luxembourg
Baloise (Luxembourg) Holding S.A.,Luxembourg
Banca delle Marche Gestione Internazionale Lux S.A.,Luxembourg
Banca Popolare Dell'Emilia Romagna (Europe) International S.A.,Luxembourg
Banco Bradesco Luxembourg S.A.,Luxembourg
Banco Itau Europa Luxembourg S.A.,Luxembourg
Banque Degroof Luxembourg S.A.,Luxembourg
Praetor Advisory Company S.A.,Luxembourg
Baring Private Equity Asia IV Holding (7) S.à.r.l.,Luxembourg
Premier Education Holdings S.à.r.l.,Luxembourg
Premier Education Holdings II S.à.r.l.,Luxembourg
Zeus Recovery Fund S.A.,Luxembourg
Vindobona Finance Beta S.A.,Luxembourg
Bayerische Landesbank Niederlassung Luxembourg,Luxembourg
BEL Liquid Management Ltd.,Luxembourg
BEL Financial Services S.à.r.l.,Luxembourg
Kenan Investment S.A.,Luxembourg
Moonlight Capital S.A.,Luxembourg
Belfor Luxembourg S.à.r.l.,Luxembourg
Capstone Capital S.à.r.l.,Luxembourg
Next Invesment BV S.à.r.l.,Luxembourg
Name in progress,Luxembourg
Davies 1 S.à.r.l.,Luxembourg
Davies 2 S.à.r.l.,Luxembourg
Davies 3A S.à.r.l.,Luxembourg
Davies 3B S.à.r.l.,Luxembourg
Davies 3C S.à.r.l.,Luxembourg
Davies 3D S.à.r.l.,Luxembourg
BRE/Europe 5NQ S.à.r.l.,Luxembourg
Nido Notting Hill Holding S.à.r.l.,Luxembourg
Nido Notting Hill JV S.à.r.l.,Luxembourg
Nido Notting Hill S.à.r.l.,Luxembourg
BlueBay High Income Loan Investements (Louxembourg) S.A.,Luxembourg
BlueBay Multi-Strategy Investments (Luxembourg) S.à.r.l.,Luxembourg
BlueBay European Distressed Opportunities Investments (Luxembourg) S.à.r.l.,Luxembourg
BlueBay High Yield Bond Investments (Luxembourg) S.A.,Luxembourg
BLUEBAY HIGH YIELD ENHANCED INVESTMENTS (Luxembourg) S.A.,Luxembourg
Bluebay Structured Funds SICAV - SIF,Luxembourg
Bluehouse Accession Property Holdings III S.à.r.l.,Luxembourg
Bluehouse Capital Advisors S.à.r.l.,Luxembourg
Fund Channel S.A.,Luxembourg
Fund Channel S.A.,Luxembourg
Bolton Group International S.A.,Luxembourg
Hertford Holding S.à r.l.,Luxembourg
Greek Paper Manufacturing S.à r.l.,Luxembourg
BGI Brands S.à r.l.,Luxembourg
Bolton Trading Corporation S.à r.l.,Luxembourg
BCG Luxembourg Holding S.à.r.l.,Luxembourg
The Boston Consulting Group Luxembourg S.à.r.l.,Luxembourg
European Testing Services (Holdings) S.à.r.l.,Luxembourg
Bridgepoint Europe IV Investments S.à.r.l.,Luxembourg
European Testing Services S.à.r.l.,Luxembourg
British American Tobacco Co-ordination Centre VOF Lux Branch,Luxembourg
Brookfield Renewable Power Holdings (Lux) S.à.r.l.,Luxembourg
BIP PD Ports Capital Management S.C.A,Luxembourg
BIP PD Ports Capital Management S.à.r.l.,Luxembourg
Bucher Invest Holding S.A.,Luxembourg
Buch Participations S.à.r.l.,Luxembourg
Burberry Luxembourg (No. 4) S.à.r.l.,Luxembourg
Burberry Luxembourg (No. 5) S.à.r.l.,Luxembourg
CVI GVF (Lux) Master S.à.r.l.,Luxembourg
CVI Global Lux Oil and Gas S.à.r.l.,Luxembourg
CVI Global Lux Oil and Gas 2 S.à.r.l.,Luxembourg
CarVal Investors Luxembourg S.à.r.l.,Luxembourg
CVF Lux Master S.à.r.l.,Luxembourg
CVF Lux Securities Trading S.à.r.l.,Luxembourg
CVF Lux Finance S.à.r.l.,Luxembourg
CVF Lux Finance II S.à.r.l.,Luxembourg
CEREP III UK S.à.r.l.,Luxembourg
CEREP City Office S.à.r.l.,Luxembourg
"Wall Street Institute Kft,Luxembourg
Catalyst Buyout Fund 2 S.à.r.l.,Luxembourg
CB Richard Ellis Investors S.à.r.l.,Luxembourg
CCP Acquisition Holdings LuxCo S.à.r.l.,Luxembourg
CCP Credit Acquisition Holdings LuxCo S.à.r.l.,Luxembourg
CCP Holdings I - END S.à.r.l.,Luxembourg
CCP Holdings II - END S.à.r.l.,Luxembourg
CCP Acquisition I - END S.à.r.l.,Luxembourg
CCP Acquisition II - END S.à.r.l.,Luxembourg
CCP Acquisition GS S.à.r.l.,Luxembourg
Charterhouse Capri I S.A.,Luxembourg
Charterhouse Capri II S.à.r.l.,Luxembourg
Yellowstone Holdings S.à.r.l.,Luxembourg
Cheyne Special Situations Investments No.2 S.à.r.l.,Luxembourg
TIPTOP Luxembourg S.à.r.l.,Luxembourg
Chihong Luxembourg,Luxembourg
Circor Luxembourg Holdings S.à.r.l.,Luxembourg
Citco Fund Services (Luxembourg) S.A.,Luxembourg
CPI Asia Investment Holdings S.à.r.l.,Luxembourg
CPI Asia Investment S.à.r.l.,Luxembourg
CPI Asia Shinjuku II S.à.r.l.,Luxembourg
CPI Asia Nippon S.à.r.l.,Luxembourg
CPI Asia Ten S.à.r.l.,Luxembourg
Cliffs Int'l Lux I S.à.r.l.,Luxembourg
Cliffs Int'l Lux II S.à.r.l.,Luxembourg
Cliffs Int'l Lux IV S.à.r.l.,Luxembourg
Cliffs (Gibraltar) Holdings Limited Luxembourg S.C.S.,Luxembourg
Cliffs Int'l Luxembourg S.à.r.l.,Luxembourg
Cliffs Natural Resources Luxembourg S.à.r.l.,Luxembourg
Cliffs Int'l Lux I S.à.r.l.,Luxembourg
Cliffs Int'l Lux II S.à.r.l.,Luxembourg
Cliffs Int'l Lux IV S.à.r.l.,Luxembourg
Cliffs (Gibraltar) Holdings Limited Luxembourg S.C.S.,Luxembourg
Cliffs Int'l Luxembourg S.à.r.l.,Luxembourg
Cliffs Natural Resources Luxembourg S.à.r.l.,Luxembourg
Infra-Invest S.à.r.l.,Luxembourg
Infra-Invest 2 S.à.r.l.,Luxembourg
Infra-Invest Brownfield S.à.r.l.,Luxembourg
Infra-Invest S.à.r.l.,Luxembourg
Coach Inc. Luxembourg Branch,Luxembourg
Coach International Holdings S.à.r.l.,Luxembourg
Boval S.A.,Luxembourg
Kar-Tess Holding S.A.,Luxembourg
Colony HR Holding (Lux) S.à r.l.,Luxembourg
Erste Europäische Pfandbrief- und Kommunalkreditbank AG,Luxembourg
Clownsvis BV,Luxembourg
Compass Real Estate Fin-Holding S.à.r.l.,Luxembourg
PB PCR Soparfi 1 Luxembourg S.à.r.l.,Luxembourg
PB PCR SP 1 S.à.r.l.,Luxembourg
PB PCR 1 S.à.r.l.,Luxembourg
PB PCR 2 S.à.r.l.,Luxembourg
PB PCR 3 S.à.r.l.,Luxembourg
Cordea Savills Fund Managers (Luxembourg) S.à.r.l.,Luxembourg
Cordea Savills Fund Managers (Luxembourg) S.à.r.l.,Luxembourg
CS European HoldCo No.1 S.à.r.l.,Luxembourg
CS European Commercial No.1 S.à.r.l.,Luxembourg
ECF Cardiff Office S.à.r.l.,Luxembourg
Cordea Savills Fund Managers (Luxembourg) S.à.r.l.,Luxembourg
CS European HoldCo No. 1 S.à.r.l.,Luxembourg
CS European Commercial No. 1 S.à.r.l.,Luxembourg
ECF Paris Logistic Holdco S.à.r.l.,Luxembourg
ECF Lyon Office Holdco S.à.r.l.,Luxembourg
Cordea Savills European Commercial Fund,Luxembourg
CS European Commerical HoldCo No. 1 S.à.r.l.,Luxembourg
CS European Commercial No. 1 S.à.r.l.,Luxembourg
ECF Edinburgh Car Parc HoldCo S.à.r.l.,Luxembourg
ECF Edinburgh Office Holdco S.à.r.l.,Luxembourg
Valera Holdings S.à.r.l.,Luxembourg
Covidien Group S.à.r.l.,Luxembourg
Covidien International Finance S.A.,Luxembourg
Covidien Group S.à.r.l.,Luxembourg
Covidien International Finance S.A.,Luxembourg
Covidien Group S.à.r.l.,Luxembourg
Covidien International Finance S.A.,Luxembourg
Covidien Group S.à.r.l.,Luxembourg
Credit Suisse Real Estate Fund International (Luxembourg) Holding S.A.,Luxembourg
Temple Quay S.A.,Luxembourg
Office Park Leeds (Luxembourg) Holding S.A.,Luxembourg
Credit Suisse Real Estate Fund International (Luxembourg) Holding S.A.,Luxembourg
Earl Place (Luxembourg) Holding S.A.,Luxembourg
Dinavest S.à.r.l.,Luxembourg
Damovo Group S.A.,Luxembourg
Damovo I S.à.r.l.,Luxembourg
Damovo II S.à.r.l.,Luxembourg
Damovo IIII S.A.,Luxembourg
Damovo Holdings Luxembourg S.à.r.l.,Luxembourg
Dasos S.A.,Luxembourg
"Dasos Timberland Fund I S.C.A.,Luxembourg
Balber Finance S.à.r.l.,Luxembourg
2009,Luxembourg
Agemar S.A.,Luxembourg
Vedihold S.A.,Luxembourg
Pharmahold S.A.,Luxembourg
Eugenie Patri Sebastien EPS S.A.,Luxembourg
Vedihold S.A.,Luxembourg
Dean Foods European Holdings S.à.r.l.,Luxembourg
White Wave European Partners S.C.S.,Luxembourg
Delff Luxembourg Fund 1 S.à.r.l.,Luxembourg
Delff Luxembourg Fund 2 S.à.r.l.,Luxembourg
GO II Luxembourg One S.à.r.l.,Luxembourg
GO II Luxembourg Two S.à.r.l.,Luxembourg
G.O. III - Luxembourg One S.à.r.l.,Luxembourg
G.O. III Luxembourg Oxford S.à.r.l.,Luxembourg
REPEG Holdings S.à.r.l.,Luxembourg
GO IB- Luxembourg One S.à.r.l.,Luxembourg
GO IB- Luxembourg Two S.à.r.l.,Luxembourg
GO IB- Luxembourg Three S.à.r.l.,Luxembourg
GO IB- Luxembourg Three Finance S.à.r.l.,Luxembourg
Go IB -SIV Luxembourg S.à.r.l.,Luxembourg
Go IB-SIV Luxembourg Two S.à.r.l.,Luxembourg
G.O. II - Luxembourg One S.à.r.l.,Luxembourg
DDR Luxembourg S.à.r.l.,Luxembourg
Dexia Asset Management Luxembourg S.A.,Luxembourg
Carlson Fund Management Company S.A.,Luxembourg
HellermanTyton Alpha S.à.r.l.,Luxembourg
HellermanTyton Beta S.à.r.l.,Luxembourg
DCHRE II HoldCo I S.à.r.l.,Luxembourg
DCHRE II HoldCo II S.à.r.l.,Luxembourg
DCHRE Finance S.à.r.l.,Luxembourg
DHCT II Luxembourg S.à.r.l.,Luxembourg
DHC Luxembourg V S.à.r.l.,Luxembourg
Howick Place Office S.à.r.l.,Luxembourg
BVP 1 S.à.r.l.,Luxembourg
BVP II S.à.r.l.,Luxembourg
Salisbury S.à.r.l.,Luxembourg
DH Kent S.à.r.l.,Luxembourg
DH Salisbury S.à.r.l.,Luxembourg
Salisbury S.à.r.l.,Luxembourg
DHCRE II HoldCo I S.à.r.l.,Luxembourg
DHCRE II HoldCo II S.à.r.l.,Luxembourg
DHCRE II Finance S.à.r.l.,Luxembourg
DHC Luxemburg IV S.à.r.l.,Luxembourg
LuxCo 84 S.à.r.l.,Luxembourg
LuxCo 86 S.à.r.l.,Luxembourg
Scorpius Investments S.à.r.l.,Luxembourg
TMF Luxembourg S.A.,Luxembourg
TMF Management Luxembourg S.A.,Luxembourg
TMF Corporate Services S.A.,Luxembourg
Immobliere Vanban S.A.,Luxembourg
TMF Administrative Services S.A.,Luxembourg
TMF Secretarial Services S.A.,Luxembourg
,Luxembourg
DJF LUX IX A S.à.r.l.,Luxembourg
International Financial Data Services (Luxembourg) S.A.,Luxembourg
Name in progress,Luxembourg
Duet Holding S.A.,Luxembourg
Name in progress,Luxembourg
Eurobank EFG Private Bank Luxembourg S.A.,Luxembourg
Eurobank EFG Fund Management Company (Lux) S.A.,Luxembourg
Emulex Luxembourg S.à.r.l.,Luxembourg
Mytilus LuxCo I S.à.r.l.,Luxembourg
Mytilus LuxCo II S.à.r.l.,Luxembourg
Englefield East Europe S.à.r.l.,Luxembourg
Dutchdelta Finance S.à.r.l.,Luxembourg
Powergen Luxembourg S.à.r.l.,Luxembourg
Dutchdelta Finance S.à.r.l.,Luxembourg
Powergen US Securities Limited,Luxembourg
Powergen Luxembourg Holding S.à.r.l.,Luxembourg
Powergen Holding S.à.r.l.,Luxembourg
Dutchdelta Finance S.à.r.l.,Luxembourg
Powergen Luxembourg Holding S.à.r.l.,Luxembourg
Powergen Luxembourg Securities S.à.r.l.,Luxembourg
Powergen Luxembourg Holdings S.à.r.l.,Luxembourg
NIVE I S.à.r.l.,Luxembourg
NIVE II S.à.r.l.,Luxembourg
"MYA Investments Sp Zo.o.,Luxembourg
ECRF Top S.à.r.l.,Luxembourg
ECRF S.à.r.l.,Luxembourg
EFIN S.à.r.l.,Luxembourg
EFDO I S.à.r.l.,Luxembourg
EFDO II S.à.r.l.,Luxembourg
Kerstin S.à r.l.,Luxembourg
Equity Trust Holdings S.à.r.l.,Luxembourg
Equity Trust (Luxembourg) S.à.r.l.,Luxembourg
EQ Holdings (Luxembourg) S.à.r.l.,Luxembourg
Equity Group (Luxembourg) S.à.r.l.,Luxembourg
ESO Luxco I S.à.r.l.,Luxembourg
LuxHoldCo Gardien S.C.A.,Luxembourg
Eurohold S.A.,Luxembourg
EPI Light S.à.r.l.,Luxembourg
EPI Orange Holdings S.à.r.l.,Luxembourg
EUS.A. Pharma (Luxembourg) S.à.r.l.,Luxembourg
Evraz Group S.A.,Luxembourg
Emmy NA S.à.r.l.,Luxembourg
Renewable Energy Services S.A.,Luxembourg
NSV Holdings S.A.,Luxembourg
Biomass Holdings S.à.r.l.,Luxembourg
GUS International Finance S.à.r.l.,Luxembourg
GUS Luxembourg Holdings S.à.r.l.,Luxembourg
GUS Luxembourg 2005 S.à.r.l.,Luxembourg
GUS US Holdings BV - Luxembourg branch,Luxembourg
GUS Luxembourg S.à.r.l.,Luxembourg
GUS Finance Luxembourg Ltd. S.à.r.l.,Luxembourg
GUS Luxembourg Investments S.à.r.l.,Luxembourg
Experian Luxembourg S.à.r.l.,Luxembourg
Experian US Finance S.à.r.l.,Luxembourg
Experian Luxembourg Investments S.à.r.l.,Luxembourg
GUS US Holdings BV - Luxembourg branch,Luxembourg
FFH Financial Holding S.A.,Luxembourg
Fairfax Financial Holding Luxembourg S.A.,Luxembourg
FFH Financial Holding S.A.,Luxembourg
FFH Financial Holding S.A.,Luxembourg
Fairfax Luxembourg Holdings S.à.r.l.,Luxembourg
FedEx International Holdings Limited (Luxembourg) S.C.S.,Luxembourg
FedEx Luxembourg S.à.r.l.,Luxembourg
FIL (Luxembourg) S.A.,Luxembourg
Field Point I-A S.à.r.l.,Luxembourg
Field Point (Luxembourg) II S.à.r.l.,Luxembourg
Field Point IV S.à.r.l.,Luxembourg
Field Point V S.à.r.l.,Luxembourg
Financiere Lafayette S.C.A.,Luxembourg
Financiere Lafayette Gestion S.à.r.l.,Luxembourg
Financiere Lafayette S.C.A.,Luxembourg
Aeromeccanica S.A.,Luxembourg
Finmeccanica Finance S.A.,Luxembourg
Mecfint S.A.,Luxembourg
Fonciere de Bagan S.A.,Luxembourg
Foresight Luxembourg Solar 1 S.à.r.l.,Luxembourg
Financial Services S.à.r.l.,Luxembourg
FW Holdings S.à.r.l.,Luxembourg
FW Europe Financial Holdings S.à.r.l.,Luxembourg
FW Investment Holdings S.à.r.l.,Luxembourg
CapitalatWork Int'l S.A.,Luxembourg
CapitalatWork Foyer Group S.A.,Luxembourg
CapitalatWork Int'l S.A.,Luxembourg
CapitalatWork Foyer Group S.A.,Luxembourg
FREO Germany II Partners S.C.A./SICAR,Luxembourg
FREO Investment Management S.à.r.l.,Luxembourg
Lombard Intermediation Services S.A.,Luxembourg
Centennial (Luxembourg) S.à.r.l.,Luxembourg
Centennial (Luxembourg) S.à.r.l.,Luxembourg
HayFin Opal LuxCo 1 S.à.r.l.,Luxembourg
HayFin Opal LuxCo 2 S.à.r.l.,Luxembourg
HayFin Opal LuxCo 3 S.à.r.l.,Luxembourg
Rentegal Luxembourg S.à.r.l.,Luxembourg
Gate Gourmet Holding I S.à.r.l.,Luxembourg
Gate Gourmet Holding S.C.A.,Luxembourg
Gate Gourmet Luxembourg III S.à.r.l.,Luxembourg
Gate Gourmet Luxembourg III A S.à.r.l.,Luxembourg
Gate Gourmet Luxembourg III B S.à.r.l.,Luxembourg
Gazprom ECP S.A.,Luxembourg
Whatman Luxembourg Two S.à.r.l.,Luxembourg
Whatman Luxembourg Three S.à.r.l.,Luxembourg
MDC Commercial Finance (Luxembourg) S.à.r.l.,Luxembourg
Name in progress,Luxembourg
Gildemeister Finance S.à.r.l.,Luxembourg
Glanbia Luxinvest S.A.,Luxembourg
Glanbia Luxembourg S.A.,Luxembourg
Glanbia Luxinvest S.A.,Luxembourg
GlaxoSmithKline International (Luxembourg) S.A.,Luxembourg
GlaxoSmithKline International (Luxembourg) S.A.,Luxembourg
GlaxoSmithKline Holding (Luxembourg) S.à.r.l.,Luxembourg
Balber Finance S.à.r.l.,Luxembourg
Extensity S.à.r.l.,Luxembourg
TriCage Acquisition S.à.r.l.,Luxembourg
TSHC S.à.r.l.,Luxembourg
Lantiq Holdco S.à.r.l.,Luxembourg
Lantiq Intermediate Holdco S.à.r.l.,Luxembourg
Lantiq US Holdco S.à.r.l.,Luxembourg
Golding Investments IV TF 2 S.A.,Luxembourg
GELF European Holdings (Lux) S.à.r.l.,Luxembourg
GELF Investments (Lux) S.à.r.l.,Luxembourg
GELF Management (Lux) S.à.r.l.,Luxembourg
Goodman Pyrite Logistics (Lux) S.à.r.l.,Luxembourg
Goodman Property Opportunities (Lux) S.à.r.l.,Luxembourg
Rowan Logistics S.A.,Luxembourg
Goodman Pyrite Logistics (Lux) S.à.r.l.,Luxembourg
MDC Commercial Finance (Luxembourg) S.à.r.l.,Luxembourg
"Centrum Kredytowe Thompson,Luxembourg
Teslin Holdings Inc,Luxembourg
APTEA Hungary Liquidity Management Limited Liability Company - Luxembourg Finance Branch,Luxembourg
GBL Verwaltung S.à.r.l.,Luxembourg
GBL Finance S.A.,Luxembourg
GBL R S.à.r.l.,Luxembourg
Natixis Environnement & Infrastructures Luxembourg S.A.,Luxembourg
PriFund Conseil S.A.,Luxembourg
Mondeville Investissement S.A.,Luxembourg
Sorum Strategies S.A.,Luxembourg
Vincennes Investissement S.A.,Luxembourg
QCNS Cruise Europe S.A.,Luxembourg
Sella Bank Luxembourg S.A.,Luxembourg
Sella Bank Luxembourg S.A.,Luxembourg
Eden DebtCo S.à.r.l.,Luxembourg
Eden DebtCo S.à.r.l. 2,Luxembourg
Harbinger Capital Investments S.à.r.l.,Luxembourg
BluO SICAV-SIF S.A.,Luxembourg
BluO I Equity Holding S.à.r.l.,Luxembourg
BluO I Equity 1 S.à.r.l.,Luxembourg
Bluo I Equity 2 S.à.r.l.,Luxembourg
Bluo I Equity 3 S.à.r.l.,Luxembourg
BluO I Equity 4 S.à.r.l.,Luxembourg
Name in progress,Luxembourg
Sharpsburg Holdings Limited (Luxembourg) S.C.S.,Luxembourg
Heinz Finance (Luxembourg) S.à.r.l.,Luxembourg
Henderson Global Investors (Brand Management) S.à.r.l.,Luxembourg
King Luxembourg S.à.r.l.,Luxembourg
Hideal Partners S.à.r.l.,Luxembourg
Hideal Holdings S.à.r.l.,Luxembourg
Hideal Investment S.à.r.l.,Luxembourg
Hideal Advisory S.à.r.l.,Luxembourg
Highland VII- PRI (1) S.à.r.l.,Luxembourg
Highland VII- PRI (2) S.à.r.l.,Luxembourg
Highland VIIB- PRl (1) S.à.r.l.,Luxembourg
Highland VIIB- PRI (2) S.à.r.l.,Luxembourg
Highland VIIC- PRI (1) S.à.r.l.,Luxembourg
Highland VIIC- PRI (2) S.à.r.l.,Luxembourg
Highland ENT VII- PRI (l) S.à.r.l.,Luxembourg
Highland ENT VII- PRI (2) S.à.r.l.,Luxembourg
Highland VI - CAS (A) S.à.r.l.,Luxembourg
Highland VI - CAS (B) S.à.r.l.,Luxembourg
HEVAF Master C S.à.r.l.,Luxembourg
HEVAF Grafton Office S.à.r.l.,Luxembourg
HEDF II Luxembourg 2 S.à.r.l.,Luxembourg
HEDF UK S.à.r.l.,Luxembourg
HEDF II UK Office S.à.r.l.,Luxembourg
HEDF II UK Residential S.à.r.l.,Luxembourg
HEDF Luxembourg S.à.r.l.,Luxembourg
HEDF Co-investment S.à.r.l.,Luxembourg
HEDF Porto Nuova Management S.à.r.l.,Luxembourg
Garibaldi GP S.à.r.l.,Luxembourg
Garibaldi S.C.A.,Luxembourg
Garibaldi Holdings S.à.r.l.,Luxembourg
HEDF Isola GP S.à.r.l.,Luxembourg
Isola S.C.A.,Luxembourg
HEDF Isola PE S.à.r.l.,Luxembourg
Ex Var MGP S.à.r.l.,Luxembourg
Ex Var Co-Investment GP S.à.r.l.,Luxembourg
Ex Var Second GP S.à.r.l.,Luxembourg
Ex Var S.C.S.,Luxembourg
Co-Investment 2 S.C.S.,Luxembourg
Le Varesine S.à.r.l.,Luxembourg
HEVAF Master A S.à.r.l.,Luxembourg
HEVAF Master B S.à.r.l.,Luxembourg
HEVAF Master C S.à.r.l.,Luxembourg
LuxCo 113 S.à.r.l.,Luxembourg
HNA (Luxembourg) Co S.à.r.l.,Luxembourg
Eurasia Structured Finance No 1 S.A.,Luxembourg
European Renewable Opportunities S.à.r.l.,Luxembourg
European Solar Opportunities I S.à.r.l.,Luxembourg
Huhtalux Supra S.à.r.l.,Luxembourg
Huhtalux S.à.r.l.,Luxembourg
Hutchison 3G Procurement Services S.à.r.l.,Luxembourg
Hutchison Whampoa Europe Investments S.à.r.l.,Luxembourg
Hutchison Whampoa Europe Investments S.à.r.l.,Luxembourg
Hutchison Ports Investments S.à.r.l.,Luxembourg
Hutchison Ports Espana S.à.r.l.,Luxembourg
Hutchison 3G Austria Investments S.à.r.l.,Luxembourg
Hutchison 3G Sweden Investments S.à.r.l.,Luxembourg
Hutchison Whampoa 3G IP S.à.r.l.,Luxembourg
Hutchison Whampoa 3G IP S.à.r.l.,Luxembourg
Hutchison Whampoa 3G Content S.à.r.l.,Luxembourg
Hutchison Whampoa 3G Procurement S.à.r.l.,Luxembourg
Hutchison Ports Investments S.à.r.l.,Luxembourg
Hutchison Whampoa Europe Investments S.à.r.l.,Luxembourg
Hutchison Whampoa 3G Content S.à.r.l.,Luxembourg
Hutchison Whampoa 3G Procurement S.à.r.l.,Luxembourg
Hutchison Telecommunications (Vietnam) S.à.r.l.,Luxembourg
H3G Procurement Services S.à.r.l.,Luxembourg
Hutchison Port Holdings (Luxembourg) S.à.r.l.,Luxembourg
Hutchison Whampoa Europe Investments S.à.r.l.,Luxembourg
Hutchison Europe Telecommunication S.à.r.l.,Luxembourg
Hutchison 3G UK Investments S.à.r.l.,Luxembourg
Hutchison Whampoa Europe Investments S.à r.l.,Luxembourg
Hutchison Europe Telecommunications S.à r.l.,Luxembourg
Hutchison Whampoa Finance S.A.,Luxembourg
Hutchison 3G Austria Investments S.à r.l.,Luxembourg
Hutchison 3G Italy Investments S.à r.l.,Luxembourg
Hutchison 3G Italy Investments 2 S.à r.l.,Luxembourg
Hutchison 3G Ireland Investments S.à.r.l.,Luxembourg
Hutchison 3G Sweden Investments S.à r.l.,Luxembourg
Hutchison 3G UK Investments S.à r.l.,Luxembourg
Hypo Pfandbrief Bank International S.A.,Luxembourg
IAM Strategic S.A.,Luxembourg
IAM Trust S.à.r.l.,Luxembourg
"ICAP Luxembourg Holdings (No.1) S.à.r.l.,Luxembourg
ICAP Luxembourg Holdings (No.2) S.à.r.l.,Luxembourg
ICAP Luxembourg Holdings (No.3) S.à.r.l.,Luxembourg
ICAP US Holding No2,Luxembourg
Iceberg Qapital Holdings S.à.r.l.,Luxembourg
IK Investment Partners Luxembourg S.à.r.l.,Luxembourg
Kwintet International S.à.r.l.,Luxembourg
Inter IKEA Holding S.A.,Luxembourg
Inter IKEA Finance S.A.,Luxembourg
Inter IKEA Investment S.à.r.l.,Luxembourg
Inter IKEA Finance S.A.,Luxembourg
Inter IKEA Investment S.à.r.l.,Luxembourg
Inter IKEA Investment S.à.r.l.,Luxembourg
Inter IKEA Finance S.A.,Luxembourg
Inter IKEA Holding S.A.,Luxembourg
Inter IKEA Holding S.A.,Luxembourg
Name in progress,Luxembourg
Innisfree F3 S.à.r.l.,Luxembourg
Intelsat Global Ltd.,Luxembourg
Intelsat Global Subsidiary Ltd.,Luxembourg
Intelsat Holdings Ltd.,Luxembourg
Intelsat Ltd.,Luxembourg
Intelsat Jackson Holdings Ltd.,Luxembourg
Intelsat Intermediate Holding Company Ltd.,Luxembourg
Intelsat Subsidiary Holding Company,Luxembourg
GateSecure S.A.,Luxembourg
IFF Global Holding S.à.r.l.,Luxembourg
IFF (Luxembourg) Holding S.à.r.l.,Luxembourg
IFF Ardenne S.à.r.l.,Luxembourg
IFF (Luxembourg) S.à.r.l.,Luxembourg
Interpublic Group of Companies Holdings (Luxembourg) S.à.r.l.,Luxembourg
Interpublic Group (Luxembourg) S.à.r.l.,Luxembourg
Sanpaolo Bank S.A.,Luxembourg
State Street Bank Luxembourg S.A.,Luxembourg
Vending Investments S.à.r.l.,Luxembourg
Vending Holdings S.à.r.l.,Luxembourg
N&W Holdings S.à.r.l.,Luxembourg
Colonnade Holdco n°11 S.à r.l.,Luxembourg
Vending Investments S.à.r.l.,Luxembourg
Vending Holdings S.à.r.l.,Luxembourg
N&W Holdings S.à.r.l.,Luxembourg
Colonnade HoldCo No. 11 S.à.r.l.,Luxembourg
IVG Luxembourg S.à.r.l.,Luxembourg
IVG-HAEK-Lux HoldCo S.à.r.l.,Luxembourg
LONDON Piccadilly S.à.r.l.,Luxembourg
J. Chahine Capital S.A.,Luxembourg
Holding Kirchberg S.à.r.l.,Luxembourg
Private Estate Life S.A.,Luxembourg
Vertbois S.A.,Luxembourg
EPF Richmond Riverside S.à.r.l.,Luxembourg
EPF Dundee Retail Park S.à.r.l.,Luxembourg
JPMorgan European Property Holding Luxembourg 1 S.à.r.l.,Luxembourg
JPMorgan European Property Holding Luxembourg 2 S.à.r.l.,Luxembourg
JPMorgan European Property Holding Luxembourg 3 S.à.r.l.,Luxembourg
JPMorgan European Property Holding Luxembourg 4 S.à.r.l.,Luxembourg
JPMorgan European Property Holding Luxembourg 5 S.à.r.l.,Luxembourg
JPMorgan European Property Holding Luxembourg 7 S.à.r.l.,Luxembourg
JP Morgan European Property Holding Luxembourg 8 S.à.r.l.,Luxembourg
JPMorgan European Property Holding Luxembourg 1 S.à.r.l.,Luxembourg
JPMorgan European Property Holding Luxembourg 2 S.à.r.l.,Luxembourg
JPMorgan European Property Holding Luxembourg 3 S.à.r.l.,Luxembourg
JPMorgan European Property Holding Luxembourg 4 S.à.r.l.,Luxembourg
JPMorgan European Property Holding Luxembourg 5 S.à.r.l.,Luxembourg
JP Morgan European Property Holding Luxembourg 7 S.à.r.l.,Luxembourg
Jardine Matheson International S.à.r.l.,Luxembourg
JER Europe Fund III Holdings S.à.r.l.,Luxembourg
JER Winchester S.à.r.l.,Luxembourg
JER Eagle S.à.r.l.,Luxembourg
JER Baywatch S.à.r.l.,Luxembourg
JER Logic S.à.r.l.,Luxembourg
Winchester JV S.à.r.l.,Luxembourg
Eagle JV S.à.r.l.,Luxembourg
Baywatch Holding S.à.r.l.,Luxembourg
Logic JV Luxembourg S.à.r.l.,Luxembourg
81 VH Holding S.à.r.l.,Luxembourg
LaSalle Asia Opportunity II S.à.r.l.,Luxembourg
LaSalle Japan Logistics S.à.r.l.,Luxembourg
LaSalle Japan Logistics (JPY) S.à.r.l.,Luxembourg
LaSalle Zama S.à.r.l.,Luxembourg
Julius Baer (Luxembourg) S.A.,Luxembourg
Kaupthing Bank Luxembourg S.A.,Luxembourg
R.E. International S.A.,Luxembourg
KS.A.C Europe Investments S.à.r.l.,Luxembourg
Extrom S.A.,Luxembourg
Arteva Europe S.à r.l.,Luxembourg
Invista S.à r.l.,Luxembourg
Invista Technologies S.à r.l.,Luxembourg
KoSa Capital (Lux) S.à r.l.,Luxembourg
KoSa Foreign Holding S.à r.l.,Luxembourg
KoSa Foreign Investments S.à r.l.,Luxembourg
KoSa Germany Holdings S.à r.l.,Luxembourg
KoSa Germany Holdings & Co SNC,Luxembourg
Kosa Investments (Lux) S.à r.l.,Luxembourg
KoSa Luxembourg S.à r.l.,Luxembourg
KoSa US Investments S.à r.l.,Luxembourg
Euro Harbor Luxembourg S.à.r.l.,Luxembourg
EC I Limited Luxembourg S.C.S.,Luxembourg
LBBW Luxemburg S.A.,Luxembourg
LBBW Luxemburg S.A.,Luxembourg
Jondoe S.à.r.l.,Luxembourg
LPB Luxco S.à.r.l.,Luxembourg
Name in progress,Luxembourg
LTG Investment S.à.r.l.,Luxembourg
Blue Coast Properties S.à.r.l.,Luxembourg
C&D Finance S.A.,Luxembourg
Dolomies et Chaux S.A.,Luxembourg
GPI Invest S.C.A.,Luxembourg
N.V. Carbo Holding S.A.,Luxembourg
N.V. Dolime Holding Investments S.A.,Luxembourg
Financiere de Gestion Internationales S.A.,Luxembourg
Participations et Investissements Mineraux S.A.,Luxembourg
Lirin S.A.,Luxembourg
Lime Invest S.A.,Luxembourg
CFC Finance S.A.,Luxembourg
Name in progress,Luxembourg
L.F. Luxembourg S.à.r.l.,Luxembourg
L.F. Luxembourg S.à.r.l.,Luxembourg
Lion/Gem Lux 1 S.A.,Luxembourg
Lion/Gem Luxembourg 2 S.à.r.l.,Luxembourg
Lion/Gem Luxembourg 3 S.à.r.l.,Luxembourg
FoodVest Equity Co S.A.,Luxembourg
Lion/Rally Lux 1 S.A.,Luxembourg
Lion/Rally Lux 2 S.à.r.l.,Luxembourg
Lion/Rally Lux 3 S.à.r.l.,Luxembourg
Lion/Rally Lux 4 S.à.r.l.,Luxembourg
Name in progress,Luxembourg
Name in progress,Luxembourg
1798 European Loan 1 S.à.r.l.,Luxembourg
1798 European Loan Fund 2 S.à.r.l.,Luxembourg
Lubrizol Luxembourg S.à.r.l.,Luxembourg
Lubrizol (Gibraltar) Limited Luxembourg S.C.S.,Luxembourg
Delphilug S.A.,Luxembourg
MGPA (Lux) S.à.r.l.,Luxembourg
MGP Twist S.à.r.l.,Luxembourg
MGP Mahuta S.à.r.l.,Luxembourg
MGP Europe AIV (Lux) S.à.r.l.,Luxembourg
MGP Europe Parallel AIV (Lux) S.à.r.l.,Luxembourg
MGP Europe (Lux) III S.à.r.l.,Luxembourg
MGP Europe (Lux) S.à.r.l.,Luxembourg
MGP Europe Parallel (Lux) S.à.r.l.,Luxembourg
MGP Jack S.à.r.l.,Luxembourg
MGP Pope S.à.r.l.,Luxembourg
MGP Pope Parallel S.à.r.l.,Luxembourg
MGP Dean S.à.r.l.,Luxembourg
Jack (Pencoed) S.à.r.l.,Luxembourg
Jack (Cologne 20) S.à.r.l.,Luxembourg
Jack (Cologne 21) S.à.r.l.,Luxembourg
MGP Twist S.à.r.l.,Luxembourg
MGP Mahuta S.à.r.l.,Luxembourg
MGP Europe (Lux) III S.à.r.l.,Luxembourg
MGP Europe (Lux) III S.à.r.l.,Luxembourg
MGP Artemis S.à.r.l.,Luxembourg
Artemis Hermes S.à.r.l.,Luxembourg
MIV Luxembourg S.à.r.l.,Luxembourg
Procastor S.à.r.l.,Luxembourg
McGraw-Hill European Holdings (Luxembourg) S.à.r.l.,Luxembourg
McGraw-Hill Global Holdings (Luxembourg) S.à.r.l.,Luxembourg
Or Financement S.à.r.l.,Luxembourg
Chateau Financement S.à.r.l.,Luxembourg
Jenebe International S.à.r.l.,Luxembourg
Delphirica Investments S.à.r.l.,Luxembourg
Merrill Lynch Luxembourg Holdings S.à.r.l.,Luxembourg
Pinnacle Prime 1 S.à.r.l.,Luxembourg
Pinnacle Prime 2 S.à.r.l.,Luxembourg
Name in progress,Luxembourg
Mettler-Toledo Luxembourg S.à.r.l.,Luxembourg
Aladdin S.à.r.l.,Luxembourg
Meyer Bergman European Retail Partners I Holdings S.à.r.l.,Luxembourg
La Vital S.à.r.l.,Luxembourg
Millilux S.à.r.l.,Luxembourg
Millipart S.à.r.l.,Luxembourg
Millipore International Holdings S.à.r.l.,Luxembourg
Millinvest S.à.r.l.,Luxembourg
Auction EquityCo S.à.r.l.,Luxembourg
Utu Luxembourg 1 S.à.r.l.,Luxembourg
Utu Luxembourg 2 S.à.r.l.,Luxembourg
Wasteholdco 1 S.à.r.l.,Luxembourg
Wasteholdco 2 S.à.r.l.,Luxembourg
Lobster Holding S.à.r.l.,Luxembourg
Lobster S.à.r.l.,Luxembourg
MREF II MH S.à.r.l.,Luxembourg
Mylan Luxembourg 2 S.à.r.l.,Luxembourg
Mylan Luxembourg 3 S.à.r.l.,Luxembourg
Mylan Luxembourg 5 S.à.r.l.,Luxembourg
Mylan Luxembourg 8 S.à.r.l.,Luxembourg
Mylan Luxembourg 9 S.à.r.l.,Luxembourg
Mylan Luxembourg 3 S.C.S.,Luxembourg
Mylan Luxembourg 4 S.C.S.,Luxembourg
NC2 Luxembourg Holding S.à.r.l.,Luxembourg
NC2 Luxembourg Development S.à.r.l.,Luxembourg
NC2 Luxembourg S.à.r.l.,Luxembourg
NC2 Luxembourg Property S.à.r.l.,Luxembourg
,Luxembourg
NC2 Luxembourg Holding S.à.r.l.,Luxembourg
NC2 Luxembourg Development S.à.r.l.,Luxembourg
NC2 Luxembourg S.à.r.l.,Luxembourg
NC2 Luxembourg Property S.à.r.l.,Luxembourg
,Luxembourg
European Fertilisers Holdings S.à.r.l.,Luxembourg
European Fertilisers Investments S.à.r.l.,Luxembourg
Nikko Bank (Luxembourg) S.A.,Luxembourg
Pilkington Luxembourg No 2 S.à.r.l.,Luxembourg
Pilkington Luxembourg No 3 S.à.r.l.,Luxembourg
Pilkington Luxembourg No 1 S.à.r.l.,Luxembourg
Pilkington Australia Finance Pty Ltd. S.à.r.l.,Luxembourg
Nordic Cecilia Three S.à.r.l.,Luxembourg
Nordic Wholesale Services S.à.r.l.,Luxembourg
Cidron Liberty Systems S.à.r.l.,Luxembourg
Cidron Silicon S.à.r.l.,Luxembourg
Cidron Silicon Two S.à.r.l.,Luxembourg
Nordson European Holdings Luxembourg S.à.r.l.,Luxembourg
Nordson Holdings Gibraltar Ltd. Luxembourg S.C.S.,Luxembourg
Nordson Luxembourg S.à.r.l.,Luxembourg
Nordson S.à.r.l.,Luxembourg
Northern & Shell Luxembourg Finance S.à.r.l.,Luxembourg
Northern & Shell Luxembourg Finance No 2 S.à.r.l.,Luxembourg
Name in progress,Luxembourg
Northern & Shell Luxembourg Finance S.à.r.l.,Luxembourg
Oaktree European Senior Loan S.à.r.l.,Luxembourg
Guilbert Luxembourg S.à.r.l.,Luxembourg
OD International (Luxembourg) Finance S.à.r.l.,Luxembourg
Crescent Luxembourg S.à.r.l.,Luxembourg
Competrol (Luxembourg) S.à.r.l.,Luxembourg
Crystal Chestnut S.à.r.l.,Luxembourg
Crystal Aquamarine S.à.r.l.,Luxembourg
"Bridge Investment Holdings Limited S.à.r.l.,Luxembourg
Polish Co. 1 Sp. z.o.o.,Luxembourg
Pala Investments (Luxembourg) II S.à.r.l.,Luxembourg
Pala HoldCo (Luxembourg) I S.à.r.l.,Luxembourg
Pala HoldCo (Luxembourg) II S.à.r.l.,Luxembourg
Pala HoldCo (Luxembourg) III S.à.r.l.,Luxembourg
POLUX Luxembourg S.à.r.l.,Luxembourg
Vida Investments S.à.r.l.,Luxembourg
Inversiones Sociosanitarias S.à.r.l.,Luxembourg
DS Luxembourg One S.à.r.l.,Luxembourg
DS Luxembourg Two S.à.r.l.,Luxembourg
DS Luxembourg Two S.à.r.l.,Luxembourg
Name in progress,Luxembourg
Panorama Capital (Luxembourg) I S.à.r.l.,Luxembourg
Paul Capital IX Investments S.à.r.l.,Luxembourg
Paul MN Holdings S.à.r.l.,Luxembourg
KGH International Holdings III - P3D S.C.S.,Luxembourg
Phase III Development Company S.à.r.l.,Luxembourg
Phase III Development Company S.à.r.l.,Luxembourg
PBG International Holdings Luxembourg Jayhawk S.C.S.,Luxembourg
Tanglewood Finance S.à.r.l.,Luxembourg
PBG Midwest Holdings S.à.r.l.,Luxembourg
PRB Luxembourg International S.à.r.l.,Luxembourg
Avallux S.à.r.l.,Luxembourg
Nuclobel Topco 1 S.à.r.l.,Luxembourg
Nuclobel Topco 2 S.à.r.l.,Luxembourg
Nuclobel Lux 1 S.à.r.l.,Luxembourg
Nuclobel Lux 2 S.à.r.l.,Luxembourg
Perry LuxCo S.à.r.l.,Luxembourg
Perry LuxCo RE S.à.r.l.,Luxembourg
Pimco-WB Gemloc S.à.r.l.,Luxembourg
Procter & Gamble International S.à.r.l.,Luxembourg
Procter & Gamble Luxembourg Global S.à.r.l.,Luxembourg
Procter & Gamble Luxembourg Investment General Management S.à.r.l.,Luxembourg
Procter & Gamble International Funding S.C.A.,Luxembourg
Procter & Gamble Luxembourg Finance S.à.r.l.,Luxembourg
Procter & Gamble Financial Services Holding S.à.r.l.,Luxembourg
Procter & Gamble International Funding S.C.A.,Luxembourg
Procter & Gamble Financial Services Holding S.à.r.l.,Luxembourg
Procter & Gamble Financial Services Holding S.à.r.l.,Luxembourg
Procter & Gamble International S.à.r.l.,Luxembourg
Procter & Gamble International S.à.r.l.,Luxembourg
Procter & Gamble Financial Services S.A.,Luxembourg
Procter & Gamble Luxembourg Global S.à.r.l.,Luxembourg
Procter & Gamble International S.à.r.l.,Luxembourg
Procter & Gamble Financial Services S.A.,Luxembourg
Prospector Offshore Drilling S.A.,Luxembourg
EDU LuxCo S.à.r.l.,Luxembourg
Hyde Dollco S.à.r.l.,Luxembourg
Prudential Phoebus Lux S.à.r.l.,Luxembourg
Prudential Phoebus Lux S.à.r.l.,Luxembourg
Prudential (Luxembourg One) & Prudential (Luxembourg Two) SeNC,Luxembourg
Prudential Investment (Luxembourg) S.à.r.l.,Luxembourg
APF Holding Company S.à.r.l.,Luxembourg
APF 1 S.à.r.l.,Luxembourg
APF 2 S.à.r.l.,Luxembourg
PSPLux S.à.r.l.,Luxembourg
GermaLux Investment I S.à.r.l.,Luxembourg
Felicity Luxembourg I S.à.r.l.,Luxembourg
Felicity Luxembourg II S.à.r.l.,Luxembourg
Felicity Luxembourg III S.à.r.l.,Luxembourg
JP Residential I S.A.,Luxembourg
JP Residential II S.A.,Luxembourg
JP Residential III S.à.r.l.,Luxembourg
JP Residential V S.à.r.l.,Luxembourg
JP Residential VI S.à.r.l.,Luxembourg
QC VII Luxembourg S.à.r.l.,Luxembourg
Quilvest S.A.,Luxembourg
Quilvest European Partners SICAR S.A.,Luxembourg
Lux Rep S.à.r.l.,Luxembourg
Lux Direct Rep S.à.r.l.,Luxembourg
QS PDI SICAR,Luxembourg
Lux PDI S.à.r.l.,Luxembourg
Lux Direct PDI S.à.r.l.,Luxembourg
Compagnie de Banque Privee,Luxembourg
QS REP S.C.A. SIF,Luxembourg
QS REP S.à.r.l.,Luxembourg
QS GEO S.à.r.l.,Luxembourg
QS GEO PEP S.C.A SICAR,Luxembourg
Ramius Enterprise Luxembourg HoldCo S.à.r.l.,Luxembourg
Ramius Enterprise Luxembourg HoldCo II S.à.r.l.,Luxembourg
RB Holdings (Luxembourg) S.à.r.l.,Luxembourg
Winchester Square Holdings S.à.r.l.,Luxembourg
Reckitt Benckiser S.à.r.l.,Luxembourg
Reckitt Benckiser NV's Luxembourg Branch,Luxembourg
RB Holdings (Luxembourg) S.à.r.l.,Luxembourg
Winchester Square Holdings S.à.r.l.,Luxembourg
Reckitt Benckiser Investments (No.1) S.à.r.l.,Luxembourg
Reckitt Benckiser NV's Luxembourg branch,Luxembourg
Reckitt Benckiser Investments (No.1) S.à.r.l.,Luxembourg
Reckitt Benckiser Investments (No.2) S.à.r.l.,Luxembourg
Reckitt Benckiser Investments (No.3) S.à.r.l.,Luxembourg
Reckitt Benckiser Investments (No.4) S.à.r.l.,Luxembourg
Reckitt Benckiser Investments (No.7) S.à.r.l.,Luxembourg
Reckitt Benckiser Investments S.à.r.l.,Luxembourg
,Luxembourg
Canterbury Square Holdings S.à.r.l.,Luxembourg
Reckitt Benckiser S.à.r.l.,Luxembourg
Reckitt Benckiser Investments (No.1) S.à.r.l.,Luxembourg
Reckitt Benckiser Investments (No.8) S.à.r.l.,Luxembourg
Reckitt Benckiser Investments (No.9) S.à.r.l.,Luxembourg
RB Holdings (Luxembourg) S.à.r.l.,Luxembourg
Reckitt Benckiser NV's Luxembourg branch,Luxembourg
Reigate Square Holdings S.à.r.l.,Luxembourg
Winchester Square Holdings S.à.r.l.,Luxembourg
RB Holdings (Luxembourg) S.à r.l.,Luxembourg
Reigate Square Holdings S.à r.l.,Luxembourg
Winchester Square Holdings S.à r.l.,Luxembourg
Reckitt Benckiser S.à r.l.,Luxembourg
Reckitt Benckiser Investments (No.1) S.à r.l.,Luxembourg
Reckitt Benckiser N.V. Luxembourg branch,Luxembourg
RESO Finance Overseas Luxembourg S.à.r.l.,Luxembourg
RMK Global Timberland Fund Management S.à.r.l.,Luxembourg
Name in progress,Luxembourg
PanEuropean Holdings 1 S.à.r.l.,Luxembourg
PanEuropean Holdings 2 S.à.r.l.,Luxembourg
TransEuropean Property Holdings (Luxembourg) S.à.r.l.,Luxembourg
Rockspring TransEuropean Limited Partnership I Fund,Luxembourg
PEPP 2 A S.A.,Luxembourg
"Rowan Luxembourg S.à.r.l.,Luxembourg
Rowan Drilling Luxembourg S.à.r.l.,Luxembourg
RDC International,Luxembourg
Rubus International S.à.r.l.,Luxembourg
Fideuram Bank (Luxembourg) S.A.,Luxembourg
San Paolo Bank S.A.,Luxembourg
Name in progress,Luxembourg
SB Capital S.A.,Luxembourg
Schawk (Gibraltar) Ltd. Luxembourg S.C.S.,Luxembourg
Schawk Luxembourg S.à.r.l.,Luxembourg
Name in progress,Luxembourg
The Netherlands International Investment S.à.r.l.,Luxembourg
"Shire Holdings Europe S.à.r.l.,Luxembourg
Shire Holdings Ireland Limited,Luxembourg
"Shire Holdings Europe No.2 S.à.r.l.,Luxembourg
Shire Holdings Ireland No.2 Limited,Luxembourg
"Shire Holdings Europe No.2 S.à.r.l.,Luxembourg
Shire Holdings Ireland No.2 Limited,Luxembourg
"Shire Luxembourg Intellectual Property S.à.r.l.,Luxembourg
Shire Intellectual Property Ireland Limited,Luxembourg
"Shire Intellectual Property Ireland Limited,Luxembourg
"Shire Holdings Europe No.2 S.à.r.l.,Luxembourg
Shire Holdings Ireland No.2 Limited,Luxembourg
IZD Beteiligung S.à.r.l.,Luxembourg
IZD Holding S.à.r.l.,Luxembourg
Trefoil Luxembourg S.à.r.l.,Luxembourg
Skandinaviska Enskilda Banken S.A.,Luxembourg
Skype Technologies S.A.,Luxembourg
Skype Technologies S.A.,Luxembourg
Skype Communications S.à r.l.,Luxembourg
Springboard Investments S.à r.l.,Luxembourg
Skype Luxembourg Holdings S.à r.l.,Luxembourg
SkypeTechnologies S.A.,Luxembourg
Skype Communications S.à r.l.,Luxembourg
Socfinal S.A.,Luxembourg
Intercultures S.A.,Luxembourg
Socfinasia S.A.,Luxembourg
Socfinde S.A.,Luxembourg
Atlantas SAGA Conseil S.A.,Luxembourg
Multimedia Global Finance S.A.,Luxembourg
Takeoff Top LuxCo S.A.,Luxembourg
Takeoff Top LuxCo 1 S.à.r.l.,Luxembourg
Takeoff Top LuxCo 2 S.à.r.l.,Luxembourg
Takeoff Top LuxCo 3 S.à.r.l.,Luxembourg
SRV S.à.r.l.,Luxembourg
Stable I S.à.r.l.,Luxembourg
Stable II S.à.r.l.,Luxembourg
Corporate Express Silver S.A.,Luxembourg
Corporate Express Luxembourg Holding S.à.r.l.,Luxembourg
Oxford Aviation Academy Luxembourg S.à.r.l.,Luxembourg
Oxford Aviation Academy Luxembourg 2 S.à.r.l.,Luxembourg
Oxford Aviation Academy Luxembourg 3 S.à.r.l.,Luxembourg
Oxford Aviation Academy Finco S.à.r.l.,Luxembourg
Manzana 10 Debt Holdings S.C.A.,Luxembourg
Starwood GT Holdings,Luxembourg
Starwood GT Investments,Luxembourg
SOF VIII CT Holdings S.à.r.l.,Luxembourg
SOF VIII CT Investments S.à.r.l.,Luxembourg
VIII City Tower Holdings S.à.r.l.,Luxembourg
SOF International Hotel Holdings S.à.r.l.,Luxembourg
SOF International Hotel S.à.r.l.,Luxembourg
VIII Euro Eco Hotels S.à.r.l.,Luxembourg
JV LuxCo,Luxembourg
International Financial Data Services (Luxembourg) S.A.,Luxembourg
State Street Luxembourg S.à.r.l.,Luxembourg
State Street Bank Luxembourg S.A.,Luxembourg
Nuheim Lux Group Holding V S.à.r.l.,Luxembourg
Swire Properties Capital Finance Sp. z o.o.'s Luxembourg finance branch,Luxembourg
SEI International Services S.à.r.l.,Luxembourg
TW (Iceland) Luxembourgh Branch,Luxembourg
Taylor Wimpey (Luxembourg) 2006 S.à.r.l.,Luxembourg
TW (Iceland) Luxembourg Branch,Luxembourg
Taylor Wimpey (Luxembourg) 2006 S.à.r.l.,Luxembourg
TW (Iceland) Luxembourg Branch,Luxembourg
Taylor Wimpey (Luxembourg) 2006 S.à.r.l.,Luxembourg
TDR Capital S.à.r.l.,Luxembourg
Tele Columbus Holdings S.A.,Luxembourg
Tele Columbus Management S.à.r.l.,Luxembourg
SEC Luxembourg S.A.,Luxembourg
SEC Finance S.A.,Luxembourg
Tele2 Europe S.A.,Luxembourg
Telecom Italia Finance S.A.,Luxembourg
Telenet International Finance S.A.,Luxembourg
Telenet Luxembourg Finance Center S.A.,Luxembourg
Telenet Finance Luxembourg S.A.,Luxembourg
Name in progress,Luxembourg
Cephalon Luxembourg S.à.r.l.,Luxembourg
Name in progress,Luxembourg
Wedco One (Luxembourg) S.à r.l.,Luxembourg
Wedco Two (Luxembourg) S.à r.l.,Luxembourg
Wedco Participations (Luxembourg) S.C.A.,Luxembourg
Tiger Holding Five Parent S.à.r.l.,Luxembourg
Tiger Holding Five S.à.r.l.,Luxembourg
Tiger Holding S.à.r.l.,Luxembourg
Tiger Holding Three S.à.r.l.,Luxembourg
Tiger Holding Four Parent S.à.r.l.,Luxembourg
Tiger Holding Four SPV S.à.r.l.,Luxembourg
Miura International Parent S.à.r.l.,Luxembourg
Timberland Luxembourg Finance S.à.r.l.,Luxembourg
Timberland Luxembourg Holding Asia S.à.r.l.,Luxembourg
Timberland Luxembourg Holding Europe S.à.r.l.,Luxembourg
Timberland Holding Luxembourg S.à.r.l.,Luxembourg
EGI Luxembourg S.à.r.l.,Luxembourg
Titan Luxembourg S.à.r.l.,Luxembourg
Titan International Luxembourg S.à.r.l.,Luxembourg
TMD Friction Luxembourg S.à.r.l.,Luxembourg
TMD Friction Group S.A.,Luxembourg
TMD Friction Holdings (Lux) S.à.r.l.,Luxembourg
TMD Friction Finance S.A.,Luxembourg
Tower 2008 (LuxCo 1) S.à.r.l.,Luxembourg
Tower 2008 (LuxCo 2) S.à.r.l.,Luxembourg
Haymarket Financial Luxembourg 1 S.à.r.l.,Luxembourg
Haymarket Financial Luxembourg 2 S.à.r.l.,Luxembourg
Haymarket Financial Luxembourg 3 S.à.r.l.,Luxembourg
Brightsea S.à.r.l.,Luxembourg
Tyco Electronics Group S.A.,Luxembourg
Tyco Electronics Holding S.à.r.l.,Luxembourg
Tyco Electronics Group S.A.,Luxembourg
Tyco Electronics Holding S.à.r.l.,Luxembourg
Tyco Electronics Group S.A.,Luxembourg
Tyco Electronics Holding S.à.r.l.,Luxembourg
Tyco Electronics Finance S.à.r.l.,Luxembourg
TCC Holding (Luxembourg) S.à.r.l.,Luxembourg
TCN Holding (Luxembourg) S.à.r.l.,Luxembourg
Tycom Holdings II S.A.,Luxembourg
Tyco International Holding S.à.r.l.,Luxembourg
Tyco International Finance S.A.,Luxembourg
Tyco International Finance S.A.,Luxembourg
Tyco International Holding S.à.r.l.,Luxembourg
Tyco International Finance S.A.,Luxembourg
Tyco International Holding S.à.r.l.,Luxembourg
Tyco International Finance S.A.,Luxembourg
Tyco International Holding S.à.r.l.,Luxembourg
Tyco Luxembourg S.à.r.l.,Luxembourg
UBI Management Company S.A.,Luxembourg
UBM Finance S.à.r.I.,Luxembourg
UBM Finance S.à.r.l.,Luxembourg
United Finance Luxembourg S.à.r.l.,Luxembourg
UBM Finance Luxembourg No 1 S.à.r.l.,Luxembourg
UBM Finance Luxembourg No 2 S.à.r.l.,Luxembourg
United CP Holdings S.à.r.l.,Luxembourg
United CP Intermediate Holdings S.à.r.l.,Luxembourg
UCPH Investments S.à.r.l.,Luxembourg
UBMUS Intermediate Holdings S.à.r.l.,Luxembourg
United Finance Luxembourg Holdings S.à.r.l.,Luxembourg
United Luxembourg Investments No 2 S.à.r.l.,Luxembourg
CMPiHoldings BV S.à.r.l.,Luxembourg
United PRN Holdings S.à.r.l.,Luxembourg
United Luxembourg Investments S.à.r.l.,Luxembourg
UNM Holdings S.à.r.l.,Luxembourg
CMP Holdings S.à.r.l.,Luxembourg
UNM Investments No2 S.à.r.l.,Luxembourg
United Professional Media S.à.r.l.,Luxembourg
United News Distribution S.à.r.l.,Luxembourg
Threestring Holdings Luxembourg S.à.r.l.,Luxembourg
United Consumer Media Holdings S.à.r.l.,Luxembourg
UBM International Holdings SE,Luxembourg
United Consumer Media SE,Luxembourg
United Luxembourg Investments No 2 S.à.r.l.,Luxembourg
Ech 2 S.à.r.l.,Luxembourg
Ech 2 Finco S.à.r.l.,Luxembourg
Unibano-Uniao de Bancos Brasileiros (Luxembourg) S.A.,Luxembourg
Skol Development Africa S.A.,Luxembourg
Skol International Development Luxembourg S.A.,Luxembourg
Compagnie Internationale de Participation et d'Investissement S.A.,Luxembourg
Turkey SH I S.à.r.l.,Luxembourg
Turkey SH II S.à.r.l.,Luxembourg
Unicredit International Bank (Luxembourg) S.A.,Luxembourg
UniCredit International Bank (Luxembourg) S.A.,Luxembourg
UniCredit Luxembourg S.A.,Luxembourg
UBP Multifunds Advisory S.A.,Luxembourg
UBP Multifunds II Advisory S.A.,Luxembourg
UBAM International Services S.A.,Luxembourg
UBP Advisory Services S.A.,Luxembourg
United America Indemnity Luxembourg S.à.r.l.,Luxembourg
Berkeley Luxembourg S.à.r.l.,Luxembourg
Arlington Luxembourg S.C.A.,Luxembourg
Dartmouth Luxembourg S.à.r.l.,Luxembourg
Clarendon Luxembourg S.C.A.,Luxembourg
"Maghreb Investments Ltd. S.A. (""Delta"")",Luxembourg
Value-Call S.A.,Luxembourg
Hans-Bockler-Strasse S.à.r.l.,Luxembourg
Verizon International Inc Luxembourg S.C.S.,Luxembourg
Verizon International Investments Luxembourg S.à.r.l.,Luxembourg
Verizon International Luxembourg S.à.r.l.,Luxembourg
Vermilion Luxembourg Finance Branch (formation in progress),Luxembourg
Vermillion Luxembourg Hungary LLC,Luxembourg
Columbus Holding Lux S.à.r.l.,Luxembourg
Columbus Participations Lux S.à.r.l.,Luxembourg
ÄVWL Real Asset Trust Holding S.à.r.l.,Luxembourg
ÄVWL Real Asset Trust S.à.r.l.,Luxembourg
Vistec Electronic Beam Holdings S.à.r.l.,Luxembourg
Vistec Lithography Holdings S.à.r.l.,Luxembourg
Name in progress,Luxembourg
Greece Rouge Dragon S.à.r.l.,Luxembourg
Vitruvian I Luxembourg S.à.r.l.,Luxembourg
Sippadmin Luxembourg S.à.r.l.,Luxembourg
Viva Luxembourg Holdings S.à.r.l.,Luxembourg
Chlocam S.à.r.l.,Luxembourg
Brainfire S.à.r.l.,Luxembourg
Globstory S.à.r.l.,Luxembourg
Vodafone Luxembourg S.à.r.l.,Luxembourg
Vodafone Luxembourg 3 S.à.r.l.,Luxembourg
Vodafone Luxembourg 5 S.à.r.l.,Luxembourg
Vodafone International 1 S.à.r.l.,Luxembourg
Vodafone Investements Luxembourg S.à.r.l.,Luxembourg
Vodafone Luxembourg Finance Partners SNC,Luxembourg
Vodafone Procurement Company S.à.r.l.,Luxembourg
Vodafone International 1 S.à.r.l.,Luxembourg
Volkswagen AG,Luxembourg
Volkswagen Bank GmbH,Luxembourg
Global Mobility Holding BV,Luxembourg
VTS Group S.A.,Luxembourg
Shining Furrow S.à.r.l.,Luxembourg
WC Luxco S.à.r.l.,Luxembourg
WC LuxCo Holdings S.à.r.l.,Luxembourg
Waalfin Holding S.A.,Luxembourg
WE Finance and Services (Luxembourg) S.à.r.l.,Luxembourg
WE Finance and Services (Luxembourg) S.à.r.l.,Luxembourg
WAALFIN Holding S.A.,Luxembourg
O'Neill Brand S.à.r.l.,Luxembourg
Surf & Turf S.à.r.l.,Luxembourg
Waalfin Holding S.A.,Luxembourg
New NIBC Luxembourg S.à.r.l.,Luxembourg
Waalfin Holding S.A.,Luxembourg
WE Finance and Services (Luxembourg) S.à.r.l.,Luxembourg
Waalwear Brand S.à.r.l.,Luxembourg
WE Brand S.à.r.l.,Luxembourg
Hellas Telecommunications S.à.r.l.,Luxembourg
Hellas Telecommunications I S.à.r.l.,Luxembourg
Hellas Telecommunications (Luxembourg) II S.C.A.,Luxembourg
Hellas Telecommunications (Luxembourg) III S.C.A.,Luxembourg
Hellas Telecommunications IV S.à.r.l.,Luxembourg
Hellas Telecommunications (Luxembourg) V S.C.A.,Luxembourg
Hellas Telecommunications (Luxembourg) S.à.r.l.,Luxembourg
Hellas Telecommunications Finance S.C.A.,Luxembourg
Weather Finance I S.à.r.l.,Luxembourg
Weather Finance II S.à.r.l.,Luxembourg
Weather Finance Ill S.à.r.l.,Luxembourg
Weather Capital S.à.r.l.,Luxembourg
Weather Capital Special Purpose 1 S.A.,Luxembourg
"Weather Finance I S.à.r.l.,Luxembourg
Weather Finance II S.à.r.I.,Luxembourg
Weather Finance III S.à.r.l.,Luxembourg
Hellas Telecommunications (Luxembourg) II S.C.A.,Luxembourg
Hellas Telecommunications (Luxembourg) Ill S.C.A.,Luxembourg
Hellas Telecommunications IV S.à r.I.,Luxembourg
Hellas Telecommunications (Luxembourg) V S.C.A.,Luxembourg
Hellas Telecommunications (Luxembourg) S.à.r.l.",Luxembourg
Weatherford Luxembourg S.à.r.l.,Luxembourg
Weatherford Holding Luxembourg S.à.r.l.,Luxembourg
Weatherford Hungary Ltd. Luxembourg branch,Luxembourg
Weatherford Capital Ltd. Luxembourg branch,Luxembourg
Winvest International S.A. Sicar,Luxembourg
Stahl Lux 2 S.A.,Luxembourg
Winvest Part 4 S.A.,Luxembourg
WGZ Bank Luxembourg S.A.,Luxembourg
WM Belvaux S.à.r.l.,Luxembourg
WM Merl S.à.r.l.,Luxembourg
White Mountains (Luxembourg) S.à.r.l.,Luxembourg
White Mountains International S.à.r.l.,Luxembourg
WM Belvaux (Luxembourg) S.à.r.l.,Luxembourg
WM Findel (Luxembourg) S.à.r.l.,Luxembourg
WM Kehlen (Luxembourg) S.à.r.l.,Luxembourg
WM Merl (Luxembourg) S.à.r.l.,Luxembourg
WM Olm (Luxembourg) S.à.r.l.,Luxembourg
WM Vianden (Luxembourg) S.à.r.l.,Luxembourg
White Mountains (Luxembourg) S.à.r.l.,Luxembourg
WM Belvaux (Luxembourg) S.à.r.l.,Luxembourg
WM Findel (Luxembourg) S.à.r.l.,Luxembourg
WM Kehlen (Luxembourg) S.à.r.l.,Luxembourg
White Mountains Holdings (Luxembourg) S.à.r.l.,Luxembourg
WM Bech (Luxembourg) S.à.r.l.,Luxembourg
WM Reuler (Luxembourg) S.à.r.l.,Luxembourg
WM Linger (Luxembourg) S.à.r.l.,Luxembourg
OneBeacon Holdings (Luxembourg) S.à.r.l.,Luxembourg
White Mountains International S.à.r.l.,Luxembourg
OneBeacon Holdings (Luxembourg) S.à.r.l.,Luxembourg
OneBeacon Investments (Luxembourg) S.à.r.l.,Luxembourg
White Mountains Holdings (Luxembourg) S.à.r.l.,Luxembourg
WM Bech (Luxembourg) S.à.r.l.,Luxembourg
WM Linger (Luxembourg) S.à.r.l.,Luxembourg
WM Reuler (Luxembourg) S.à.r.l.,Luxembourg
White Mountains International S.à.r.l.,Luxembourg
WM Phoenix (Luxembourg) S.à.r.I.,Luxembourg
Wolseley Finance (Rockhopper) S.à.r.l.,Luxembourg
SafeWorks S.à.r.l.,Luxembourg
X-Rite Holdings S.à.r.l.,Luxembourg
Minas Argentinas (Barbados) S.à.r.l.,Luxembourg
York Global Finance II S.à.r.l.,Luxembourg
York Global Finance 50 S.à.r.l.,Luxembourg
York Global Finance Offshore BDH (Luxembourg) S.à.r.l.,Luxembourg
